video_id,title,video_type,duration_sec,view_count,like_count,comment_count,published_at,jp_ratio,en_ratio,other_ratio,overseas_total_ratio
gHDAfB8Lr_g,#22 あれ？師匠？？,Regular,2218.0,12953,1245,32,2026-05-06T09:20:00Z,1.0,0.0,0.0,0.0
sWpABuVVXmE,Travis Japan【東京ディズニーシー】全員でほぼプライベートな夢の国！25周年おめでとうございます。,Regular,1291.0,287209,14620,1610,2026-05-02T12:01:24Z,1.0,0.0,0.0,0.0
gQNyfdWe90Y,#21 最近観たのは・・・,Regular,1996.0,17049,1362,45,2026-04-30T00:30:26Z,0.9777777777777777,0.0,0.022222222222222223,0.022222222222222223
aI9I-0Rli0o,Travis Japan【東京ディズニーシー25周年】しめの運転で夢の国へドライブ🚗目指せ世界のディズニー制覇！,Regular,1287.0,329309,15118,1279,2026-04-25T12:00:01Z,0.99,0.01,0.0,0.01
0LEp91oviEw,#20 司会進行は？！？！？！,Regular,1981.0,23327,1705,70,2026-04-22T10:07:00Z,1.0,0.0,0.0,0.0
l_ftRFZg1gI,Travis Japan【ひらがじゃん】言葉を作ったらアガリ！ワードセンス爆発の超真剣勝負,Regular,1401.0,151258,11643,1106,2026-04-18T12:01:30Z,0.99,0.01,0.0,0.01
mqpTsCRY2eI,#19 最終回はどうなる！？,Regular,1678.0,21518,1447,39,2026-04-15T10:31:00Z,0.9444444444444444,0.0,0.05555555555555555,0.05555555555555555
Gi_iZ6SUgkw,Travis Japan【レスリング コラボ】しずが金メダリスト鏡優翔選手と対決🤼 気合いだ🔥,Regular,1875.0,94967,8639,1643,2026-04-11T12:00:28Z,0.97,0.02,0.01,0.03
VDAtT4ilxco,#18 ぜんぶ、,Regular,1574.0,25881,1855,48,2026-04-08T09:22:00Z,1.0,0.0,0.0,0.0
bIHeb_vW7f8,Travis Japan【馬コスプレ】こっちでも気配斬り！相変わらずのカオス！！てか会場広すぎｗ,Regular,1079.0,232835,13119,1285,2026-04-04T12:01:05Z,0.97,0.0,0.03,0.03
gyAGIoqo6j0,Travis Japan  2nd CD SG '陰ニモ日向ニモ'  -Special Teaser-,Regular,97.0,56854,6044,470,2026-04-03T09:00:57Z,0.94,0.02,0.04,0.06
9r7M0Z_Nsc8,【JUST!シン日本遺産premium第２弾】「のえちゃかの２人で開催した“酔いどれ遺産”が復活！メンバー全員で自由に作って！飲んで！大騒ぎ！！」続きはTELASAで,Regular,717.0,144712,8439,394,2026-04-01T23:00:07Z,0.98,0.02,0.0,0.02
iAYtUor3KhA,#17 今日はどうなる！？,Regular,2066.0,25963,2040,75,2026-04-01T10:06:00Z,0.9861111111111112,0.0,0.013888888888888888,0.013888888888888888
CThn72A0WPQ,Travis Japan【卓球】奥義炸裂で白熱の大混乱！賞品は自分の企画ができる権利！,Regular,1779.0,281347,13431,1576,2026-03-28T12:00:26Z,0.9897959183673469,0.0,0.01020408163265306,0.01020408163265306
UNJDM6ae5CA,【JUST!シン日本遺産】シーズン２　最終話をちら見せ「下関と門司のシン日本遺産を探す関門海峡編後編！！門司にやってきた２人は、関門海峡について学べる施設でシン日本遺産を探す！！」続きはTELASAで,Regular,736.0,46849,3674,191,2026-03-25T23:00:39Z,1.0,0.0,0.0,0.0
U6kePGULgHc,#16 多分これまでのエピソードで...,Regular,2046.0,27954,2079,91,2026-03-25T09:42:00Z,1.0,0.0,0.0,0.0
WIIwE5YhduI,Travis Japan【フットサル】げんたがコーチ❗️汗だくの真剣勝負‼️,Regular,1347.0,260620,14011,2002,2026-03-21T12:01:00Z,0.99,0.0,0.01,0.01
lb1lrao4z8Q,Travis Japan【フットサル】球技しようぜ！第二弾⚽️　#TravisJapan #トラジャ #フットサル #球技,Regular,66.0,152734,15039,446,2026-03-20T12:01:33Z,1.0,0.0,0.0,0.0
7lV7x9WUhcI,Travis Japan - “陰ニモ日向ニモ“ Limited Edition J -Special Movie Teaser-,Regular,93.0,75253,6412,258,2026-03-20T09:00:10Z,0.99,0.0,0.01,0.01
ZGSt5TNn6A0,【JUST!シン日本遺産】シーズン２　# 23をちら見せ「下関と門司のシン日本遺産を探す関門海峡編開幕！！前編の今回は、下関でフグに関するシン日本遺産を巡る！！」続きはTELASAで,Regular,763.0,48285,3970,227,2026-03-18T23:00:47Z,0.99,0.0,0.01,0.01
dJ_faaSlEiE,#15 まずは鉄板の...,Regular,1723.0,25451,1880,43,2026-03-18T09:36:00Z,0.9069767441860465,0.09302325581395349,0.0,0.09302325581395349
5x_og9oG0UM,Travis Japan【バスケ】しずが真剣レクチャー！ガチで勝負したら不憫多発！？,Regular,1203.0,344694,21593,3099,2026-03-14T12:00:09Z,0.96,0.01,0.03,0.04
fkosyOkKmIY,Travis Japan - “陰ニモ日向ニモ“ Limited Edition T -Special Movie Teaser-,Regular,103.0,89582,7393,256,2026-03-13T09:01:05Z,0.98,0.0,0.02,0.02
5TdQUGuCJCA,【JUST!シン日本遺産】シーズン２　# 22をちら見せ「馬路村編最終回！！隠された5つ目の“辛”日本遺産にシメちゃんが究極の選択を迫られる！！」続きはTELASAで,Regular,727.0,45226,2948,125,2026-03-11T23:00:08Z,0.98989898989899,0.0,0.010101010101010102,0.010101010101010102
6Pn8hv0lv78,#14 シメまちゅペアが！！,Regular,1617.0,24051,1977,55,2026-03-11T09:49:04Z,0.9818181818181818,0.0,0.01818181818181818,0.01818181818181818
oxr_8LukPrI,Travis Japan【ぷよテト】打倒のえる！ガチ対決でまさか!?ダークホース現れ大騒ぎｗ,Regular,1504.0,320778,13090,1433,2026-03-07T12:01:22Z,0.97,0.02,0.01,0.03
d5PbqHFf6d4,Travis Japan -“陰ニモ日向ニモ“ Fan Club Exclusive Edition - Special Movie Teaser,Regular,111.0,101755,7590,512,2026-03-06T09:01:03Z,0.9797979797979798,0.0,0.020202020202020204,0.020202020202020204
U13_Acs2qoU,【JUST!シン日本遺産】シーズン２　# 21をちら見せ「高知県馬路村中編！！女性なら誰もが一度は経験してみたい？あのシン日本遺産でファンのみんなをうっとりさせちゃうぞ！！」続きはTELASAで,Regular,615.0,41685,3361,201,2026-03-04T23:00:43Z,0.98989898989899,0.0,0.010101010101010102,0.010101010101010102
cOZZREIfnhQ,#13 カ・カ・カ・カ・・・,Regular,1403.0,23389,1853,61,2026-03-04T09:15:04Z,1.0,0.0,0.0,0.0
bYy2cEgQcdE,Travis Japan【予備校開催 第２弾】げんた大暴走！問題を読むだけなのにぃ～📚,Regular,1455.0,456685,16614,1775,2026-02-28T12:01:05Z,0.99,0.01,0.0,0.01
rQ5_cSaC5_s,Travis Japan – '陰ニモ日向ニモ' - Performance Video,Regular,190.0,1899604,32744,6983,2026-02-27T10:01:30Z,0.98989898989899,0.0,0.010101010101010102,0.010101010101010102
07Upu4UYQbQ,【JUST!シン日本遺産】シーズン２　# 20をちら見せ「高知県馬路村名物“ゆず”を使ったシンゆず料理を開発！！」続きはTELASAで,Regular,752.0,50337,3494,300,2026-02-25T23:00:01Z,1.0,0.0,0.0,0.0
c1SjDte71ic,#12 のえさんとカーニバル師匠♪,Regular,1564.0,22686,1938,64,2026-02-25T09:23:00Z,1.0,0.0,0.0,0.0
BmrvhIHCAHA,Travis Japan【ランキング】メンバーの順位を決めてから内容を考えたら酷いランキングになった!?,Regular,1412.0,528083,17654,1800,2026-02-21T12:00:21Z,0.9897959183673469,0.01020408163265306,0.0,0.01020408163265306
yjkTBFVA7pQ,【JUST!シン日本遺産】シーズン２　# 19をちら見せ「 “どさんこ”に乗り英雄になるべく向かった先で体験するのはあの伝統武芸！」続きはTELASAで,Regular,730.0,35688,3143,170,2026-02-18T23:01:15Z,1.0,0.0,0.0,0.0
G2pW_c69dZM,#11 Wカイトが呼び合う時は！？,Regular,1734.0,40251,2655,74,2026-02-18T09:24:01Z,0.9722222222222222,0.0,0.027777777777777776,0.027777777777777776
JAbLbKqZ1RY,Travis Japan – '陰ニモ日向ニモ' Music Video,Regular,179.0,6766182,53776,43465,2026-02-16T09:00:07Z,0.98989898989899,0.010101010101010102,0.0,0.010101010101010102
1I7rxZUf7cw,Travis Japan【カラオケ対決】｢愛のかたまり｣ガチ熱唱！Happy Valentine’s day💜,Regular,1670.0,813485,25300,2454,2026-02-14T12:00:06Z,0.98989898989899,0.0,0.010101010101010102,0.010101010101010102
rJgm0iwBXBw,【JUST!シン日本遺産】シーズン２　# 18をちら見せ「大雨から一転快晴の函館編 湖で船に乗り込んだ２人はあの魚の漁を体験！」続きはTELASAで,Regular,619.0,35645,3160,120,2026-02-11T23:01:10Z,0.98,0.0,0.02,0.02
_AxIo7SAKf4,#10 カイト＆カイト！！,Regular,1302.0,34932,2765,67,2026-02-11T09:44:00Z,0.9402985074626866,0.014925373134328358,0.04477611940298507,0.05970149253731343
m3EPu2YWsVE,Travis Japan【画伯爆誕】2025年 虎Tubeの思い出をイラストで語ろうぜ！,Regular,1201.0,306980,12106,1006,2026-02-07T12:01:23Z,1.0,0.0,0.0,0.0
oHbWmyaGOjM,【JUST!シン日本遺産】シーズン２　# 17をちら見せ「大雨の函館編 ハプニングを乗り越えてシン日本遺産に辿り着くことは出来るのか？」続きはTELASAで,Regular,632.0,53512,3520,118,2026-02-04T23:01:07Z,1.0,0.0,0.0,0.0
hNdyfcDITaA,#9 叱咤激励からはじまります笑,Regular,1554.0,40602,2726,85,2026-02-04T09:28:00Z,0.9759036144578314,0.0,0.024096385542168676,0.024096385542168676
1q8iqNvSBdY,Travis Japan【大喜利】これは誰のボケ？わかるに決まってるじゃん！,Regular,1445.0,263267,11571,1015,2026-01-31T12:00:03Z,0.98,0.01,0.01,0.02
57ibx0IUgbQ,【JUST!シン日本遺産】シーズン２　# 16をちら見せ「大人の軽井沢ロケ“アダルザワ”完結&ハプニング必至大雨の函館編始動！！」続きはTELASAで,Regular,618.0,53692,3814,198,2026-01-28T23:00:13Z,0.98989898989899,0.0,0.010101010101010102,0.010101010101010102
Uxsg0HThvb0,#8 メンバーが番組に✉️を送る際も・・・！？,Regular,1235.0,33710,2496,73,2026-01-28T09:25:01Z,0.9305555555555556,0.0,0.06944444444444445,0.06944444444444445
O2dJ8yM9z4c,Travis Japan【プライベートカラオケ】アルバムが出たからカラオケで歌いまくろうぜい🎤,Regular,2849.0,561491,20428,4091,2026-01-24T12:00:46Z,0.9393939393939394,0.0,0.060606060606060615,0.060606060606060615
ZVAvIKIZviA,【JUST!シン日本遺産premium】「第１弾はシンスポーツ遺産！まくら投げの魅力を体感！！」続きはTELASAで,Regular,730.0,113379,6360,243,2026-01-21T23:15:02Z,0.98989898989899,0.010101010101010102,0.0,0.010101010101010102
cfYnT45sZFU,【JUST!シン日本遺産】シーズン２　# 15をちら見せ「夜の森で名カメラマン対決！延長戦！」続きはTELASAで,Regular,573.0,27267,2578,84,2026-01-21T23:00:50Z,0.963855421686747,0.012048192771084338,0.024096385542168676,0.03614457831325302
sYf0e1WD7xc,#7 今回も川松ペアがお届け！,Regular,1756.0,30115,2382,83,2026-01-21T09:24:06Z,0.975609756097561,0.012195121951219513,0.012195121951219513,0.024390243902439025
zagxFHnzpNI,Travis Japan【桃鉄２ 後編】鉄道王に俺はなる！まったりゆったりプレイ🎮,Regular,5308.0,217570,7796,949,2026-01-17T12:01:52Z,0.99,0.0,0.01,0.01
t3uv3gCK1R8,【JUST!シン日本遺産】シーズン２　# 14をちら見せ「信州が誇る食の究極 そば」続きはTELASAで,Regular,524.0,58837,3805,147,2026-01-14T23:01:30Z,0.9696969696969697,0.010101010101010102,0.020202020202020204,0.030303030303030304
TXDu0bmz-HA,#6 2026年最初にお届けするのはこのペア！！,Regular,1773.0,43995,3207,109,2026-01-14T09:33:00Z,0.94,0.03,0.03,0.06
hGn0vjMRrwY,Travis Japan【桃鉄２ 前編】鉄道王に俺はなる！まったりゆったりプレイ🎮,Regular,4287.0,321840,10322,1308,2026-01-10T12:01:15Z,1.0,0.0,0.0,0.0
5kCeyyzMTIY,【JUST!シン日本遺産】シーズン２　# 13をちら見せ「大人の軽井沢ロケ“アダルザワ”」続きはTELASAで,Regular,735.0,89037,6185,230,2026-01-07T23:00:12Z,0.98989898989899,0.010101010101010102,0.0,0.010101010101010102
Q5T1Q1f7qIY,#5 吉松ペアでお届け！,Regular,1221.0,29263,2326,74,2026-01-07T09:45:05Z,0.9863013698630136,0.0,0.0136986301369863,0.0136986301369863
Xy8dfCJ-frQ,Travis Japan【全国プロモーション】「’s travelers」発売記念。密着したら大忙し！？,Regular,1062.0,184024,10700,908,2026-01-03T12:01:07Z,0.97,0.02,0.01,0.03
ZTUwLCXlZSc,Travis Japan【謹賀新年】あけおめ恒例！2026年にやりたいこと大発表🎍,Regular,538.0,210807,13930,1088,2026-01-01T03:00:57Z,1.0,0.0,0.0,0.0
aI_JrMqMVfE,#4 今日から二人体制でお届けします♫,Regular,1161.0,43169,2680,55,2025-12-31T09:15:00Z,1.0,0.0,0.0,0.0
t0gVV2V71kY,Travis Japan【無音ダンス】Disco Babyでついに本領発揮！音がなくてもシンクロ達成！？,Regular,1070.0,518275,18142,1241,2025-12-27T12:01:43Z,0.9696969696969697,0.010101010101010102,0.020202020202020204,0.030303030303030304
lJK5xjfTVSE,【JUST!シン日本遺産】シーズン２　# １２をちら見せ「自分の運命がわかる!?予言の池」続きはTELASAで,Regular,504.0,34427,2624,101,2025-12-24T23:00:54Z,0.9897959183673469,0.0,0.01020408163265306,0.01020408163265306
ajs55jJKm4U,Travis Japan - ‘Say I do’ - Dance Practice  -,Regular,386.0,393902,20089,3221,2025-12-24T21:00:07Z,0.98,0.0,0.02,0.02
KA4C71AFKro,#3 「Travis Japan の とらみみ」二人体制はこんな感じ！？,Regular,1314.0,42165,3094,72,2025-12-24T09:10:00Z,1.0,0.0,0.0,0.0
Y2Oyso_qlX8,Travis Japan【クリプレ交換会】100円ショップでメンバー必需品のアイテムをプレゼント！,Regular,1248.0,560522,19237,2535,2025-12-20T12:01:11Z,0.98,0.0,0.02,0.02
GMMqjhJt-3U,【JUST!シン日本遺産】シーズン２　# １１をちら見せ、「島根県が誇るスイーツ」続きはTELASAで,Regular,502.0,41789,3100,149,2025-12-17T23:00:20Z,0.98989898989899,0.0,0.010101010101010102,0.010101010101010102
cq51k6vKQqs,#2「Travis Japan の とらみみ」ってこんな番組！！,Regular,1386.0,49125,3834,78,2025-12-17T10:35:01Z,0.9342105263157895,0.013157894736842105,0.05263157894736842,0.06578947368421052
p7lDfENOAOs,Travis Japan【予備校開催】問題を読むだけなのにパニック！だいきょんこつって何！？,Regular,1454.0,553219,16170,2014,2025-12-13T12:01:44Z,1.0,0.0,0.0,0.0
069B97FOwxM,【JUST!シン日本遺産】シーズン２　# １０をちら見せ、「しず&まちゅ人生初の座禅修行」続きはTELASAで,Regular,647.0,53750,3838,242,2025-12-10T23:00:01Z,0.99,0.0,0.01,0.01
7otAy0fLlyM,#1 祝！Travis Japanのポッドキャスト番組スタート～番組タイトル決定会議！～,Regular,1260.0,71919,6754,221,2025-12-10T12:15:03Z,0.95,0.04,0.01,0.05
DtRVJaQLc5k,Travis Japan - 'Welcome To Our Show Tonight' - Dance Practice -,Regular,340.0,558595,21307,3132,2025-12-06T13:15:10Z,0.99,0.01,0.0,0.01
KVz_ltpmqBI,Travis Japan【日本事故物件監視協会 再び】うみ参戦！しめまちゅ驚きすぎて、しずが負傷!?,Regular,1415.0,277355,10977,911,2025-12-06T12:00:46Z,0.99,0.0,0.01,0.01
4TbBd_sMRf0,【JUST!シン日本遺産】シーズン２　# ９をちら見せ、「ご褒美飯争奪SUP障害物レース」続きはTELASAで,Regular,620.0,59339,3294,145,2025-12-03T23:00:14Z,0.97,0.01,0.02,0.03
LPPZ9ZU2-Zs,Travis Japan – 'Welcome To Our Show Tonight' Music Video,Regular,308.0,3450438,33212,14117,2025-12-01T09:00:07Z,0.9696969696969697,0.010101010101010102,0.020202020202020204,0.030303030303030304
bCa7nQqqkCk,Travis Japan【mimi-ni】TJのPodcast番組がスタート！だから滑舌鍛えようと思ったのにｗ,Regular,922.0,218992,11327,997,2025-11-29T12:01:16Z,0.94,0.01,0.05,0.060000000000000005
cFguOG77DKk,【JUST!シン日本遺産】シーズン２　# ８をちら見せ、「青森名物が大集結！超極楽温泉宿で青森名物３本勝負！」続きはTELASAで,Regular,585.0,75236,3813,106,2025-11-26T23:00:59Z,0.98989898989899,0.0,0.010101010101010102,0.010101010101010102
R8v2hjft2xc,Travis Japan【祝31歳】川島如恵留の超努力家な半生を年表化🤍,Regular,1524.0,426201,16886,1600,2025-11-22T12:00:52Z,0.9797979797979798,0.0,0.020202020202020204,0.020202020202020204
JhjDiPmr8zg,Travis Japan - 'Would You Like One?' - Dance Practice  -,Regular,234.0,491294,20039,1715,2025-11-21T15:00:50Z,0.9797979797979798,0.0,0.020202020202020204,0.020202020202020204
TumwW2G087g,【JUST!シン日本遺産】シーズン２　# ７をちら見せ「乗って！飛んで！回る！青森で航空・科学・宇宙を体感！」トレーニングアクティビティ３本勝負！続きはTELASAで,Regular,701.0,70501,3772,126,2025-11-19T23:00:43Z,0.9797979797979798,0.010101010101010102,0.010101010101010102,0.020202020202020204
gRI7PYSnvoc,Travis Japan  ’s travelers   -Special Teaser-,Regular,115.0,127729,9614,1446,2025-11-19T09:01:08Z,0.9,0.04,0.060000000000000005,0.1
0DN_MZLn6bI,Travis Japan【まちゅのポエム】祝28歳🧡伝説のポエミスト松倉海斗がTJポエムを大査定！才能アリは誰？,Regular,1655.0,310174,12947,1743,2025-11-15T12:00:01Z,0.98989898989899,0.0,0.010101010101010102,0.010101010101010102
fn7mJi25jOY,Travis Japan - 'Tokyo Crazy Night' - Dance Practice  -,Regular,313.0,557470,23594,2773,2025-11-14T09:00:30Z,0.99,0.01,0.0,0.01
y88xErV5jbY,Travis Japan【帰ってきた人狼鬼ごっこ】鬼は誰だ⁉️ 体力と心理戦が交差する究極のダマし合い再び‼️,Regular,4147.0,1089259,28363,5450,2025-11-13T12:00:06Z,1.0,0.0,0.0,0.0
uKn62iOLoE0,【JUST!シン日本遺産】シーズン２　# ６をちら見せ「乗って！飛んで！回る！青森で航空・科学・宇宙を体感！」続きはTELASAで,Regular,567.0,96873,5050,271,2025-11-12T23:01:24Z,0.97,0.01,0.02,0.03
9_4NFB6aq0I,Travis Japan ’s travelers Limited Edition J -Special Movie Teaser-,Regular,106.0,100049,7448,529,2025-11-11T09:00:25Z,0.9,0.07,0.03,0.1
0fAR2_OGhIQ,Travis Japan【日本事故物件監視協会】まちゅ･しめ ビビりすぎ😱ホラーゲームなのに笑笑,Regular,1543.0,347016,13840,1808,2025-11-08T12:00:02Z,0.99,0.0,0.01,0.01
i8kvcPkRkjQ,Travis Japan ’s travelers Fan Club Exclusive Edition - Special Movie Teaser -,Regular,122.0,109393,7705,568,2025-11-07T09:01:15Z,0.98,0.0,0.02,0.02
1pqlsDKKReU,【JUST!シン日本遺産】シーズン２　# ５をちら見せ「デカいもの大好き！茨城が誇る地球一大きな卵」続きはTELASAで,Regular,590.0,47034,3618,157,2025-11-05T23:00:02Z,0.98,0.0,0.02,0.02
gTN6owBOXpk,Travis Japan - 'Disco Baby' - Dance Practice -,Regular,333.0,860910,27906,5887,2025-11-03T11:00:12Z,1.0,0.0,0.0,0.0
H9QpXU94zRM,3rd Anniversary Travis Japan YouTube LIVE - 'Disco Baby' Performance Video -,Regular,442.0,372152,13498,787,2025-11-02T10:02:42Z,0.9292929292929293,0.020202020202020204,0.05050505050505051,0.07070707070707072
CAYU7BkZ1PE,3rd Anniversary Travis Japan YouTube LIVE -Talk Section-,Regular,3058.0,179146,8624,521,2025-11-02T10:02:30Z,0.9797979797979798,0.0,0.020202020202020204,0.020202020202020204
tGTHk-DUdAo,Travis Japan【バンコク公演】Vllsualワールドツアー裏側密着！ついに完走！みんなありがとう！,Regular,993.0,128082,8132,530,2025-11-01T12:01:42Z,0.97,0.02,0.01,0.03
qz5inJ91WM4,Travis Japan ’s travelers  Limited Edition T -Special Movie Teaser-,Regular,102.0,116432,8769,542,2025-10-31T09:00:10Z,0.99,0.0,0.01,0.01
4aoi1BFLkjw,【JUST!シン日本遺産】シーズン２　# ４をちら見せ「デカいもの大好き！茨城が誇る日本一大きな頭」続きはTELASAで,Regular,740.0,54697,4069,217,2025-10-29T23:00:12Z,0.9897959183673469,0.0,0.01020408163265306,0.01020408163265306
S2z8USvWn1Q,Travis Japan – 'Disco Baby' Music Video,Regular,267.0,5836268,43625,25134,2025-10-27T09:00:07Z,0.96,0.03,0.01,0.04
0NZsECp94Sk,Travis Japan【スペシャル対談】Hey! Say! JUMP有岡くん×宮近📢JUMP兄さんの新曲｢GHOST｣振付裏話や15年前の出会いとか。,Regular,1324.0,266344,16842,967,2025-10-25T12:00:03Z,0.98989898989899,0.010101010101010102,0.0,0.010101010101010102
fei5ITyLyWY,【JUST!シン日本遺産】シーズン２　# ３をちら見せ「太古の時代を大冒険！ジュラシック系宝探しテーマパーク」続きはTELASAで,Regular,736.0,49917,3795,135,2025-10-22T23:00:58Z,0.99,0.01,0.0,0.01
kOJNYMAnJBY,Travis Japan【大食い】二郎系ラーメンで大食いの神様も限界!?新たな刺客…,Regular,1140.0,917000,19860,1658,2025-10-18T12:01:32Z,0.9897959183673469,0.0,0.01020408163265306,0.01020408163265306
CNzdSRyW5Ww,【JUST!シン日本遺産】シーズン２　# 2 をちら見せ「背中にライドオン！新感覚マリンアクティビティ」続きはTELASAで,Regular,715.0,65745,4559,223,2025-10-15T23:00:14Z,0.98,0.0,0.02,0.02
ncKCXx-IS3Y,Travis Japan【香港ディズニーランド】香港密着特別編！プライベートです。,Regular,691.0,377409,13586,1257,2025-10-11T12:01:27Z,0.99,0.0,0.01,0.01
Zn2u2ke1ZYM,【JUST!シン日本遺産】シーズン２　# １をちら見せ「男を磨く！沖縄が世界に誇るサンチン」続きはTELASAで,Regular,648.0,100387,6366,310,2025-10-08T23:00:41Z,0.99,0.0,0.01,0.01
4-K_hSnTCmc,Travis Japan【香港公演】Vllsualワールドツアー裏側密着！香港でも盛り上がっちゃっていいですか!?,Regular,678.0,167113,9360,561,2025-10-04T12:00:09Z,0.898989898989899,0.06060606060606061,0.04040404040404041,0.10101010101010102
Pu1TgUUcyC8,Travis Japan【台北公演】Vllsualワールドツアー裏側密着！ファミクラストアにも行ってきたよ～,Regular,925.0,307920,11862,665,2025-09-27T12:00:57Z,0.9292929292929293,0.010101010101010102,0.060606060606060615,0.07070707070707072
bPpTYOjWkEc,Travis Japan【アタック25 再び】打倒のえる！6対1でリベンジなるか…,Regular,1936.0,537699,15968,1525,2025-09-20T12:01:09Z,0.98989898989899,0.0,0.010101010101010102,0.010101010101010102
feUx2t01UrA,Travis Japan Concert Tour 2025 Vllsual 発売まで あと３日！発売直前スペシャル生配信,Regular,3954.0,289958,0,797,2025-09-14T12:26:58Z,0.9595959595959596,0.030303030303030304,0.010101010101010102,0.04040404040404041
Xsn1F9-MQcQ,Travis Japan【足音ダンス 第2弾】あのダンス企画再び！感動を届けることができるのか！？,Regular,1570.0,1243026,29049,2953,2025-09-06T12:01:06Z,0.99,0.0,0.01,0.01
R6pn31K0Pdc,'Rush' (From 'Travis Japan Concert Tour 2025 VIIsual' Limited Press Edition Disc2),Regular,176.0,719901,22585,3293,2025-09-01T13:00:49Z,1.0,0.0,0.0,0.0
rIJzp6v6PHc,Travis Japan【マリオカート ワールド】遂に全員対決！TJ最速王決定戦🏁,Regular,1627.0,536506,15279,1798,2025-08-30T12:01:37Z,0.99,0.01,0.0,0.01
289avroWgSY,Travis Japan【京本会】SixTONES京本くんのダンスを作った本気の2日間,Regular,1265.0,783402,35966,2526,2025-08-23T12:00:07Z,1.0,0.0,0.0,0.0
0V4yA4RZjic,'BO$$Y' (From 'Travis Japan Concert Tour 2025 VIIsual' Disc1),Regular,215.0,559628,18162,1908,2025-08-18T10:00:02Z,0.98,0.01,0.01,0.02
BlnsEpf9NxI,Travis Japan【祝30歳】吉澤閑也の人生を年表でとことん深掘り💛,Regular,1467.0,520504,15465,1525,2025-08-16T12:00:18Z,0.9797979797979798,0.010101010101010102,0.010101010101010102,0.020202020202020204
nUc31NanmOs,'Travis Japan Concert Tour 2025 VIIsual' Bonus Disc Trailer (Standard Edition),Regular,133.0,130555,7749,418,2025-08-14T11:01:30Z,0.97,0.01,0.02,0.03
pUTnwlkkoKs,'HBD' (From 'Travis Japan Concert Tour 2025 VIIsual' Disc1),Regular,153.0,245411,11318,1291,2025-08-09T15:01:26Z,0.95,0.03,0.02,0.05
YOdHHlloLVo,Travis Japan【上海 後編】初めての上海でワクワク雑誌撮影＆お食事会🍖,Regular,806.0,221638,10861,1173,2025-08-09T12:01:06Z,0.9789473684210527,0.0,0.021052631578947368,0.021052631578947368
8aT3Kpebpt0,'Travis Japan Concert Tour 2025 VIIsual' Bonus Disc Trailer (Limited Edition),Regular,119.0,142508,8322,442,2025-08-07T10:30:04Z,0.94,0.03,0.03,0.06
pKL-dig3cII,Travis Japan【初上海】BilibiliWorld 2025のウラ側をばっちり密着📹 ～上海前編～,Regular,1058.0,263647,11008,737,2025-08-02T12:01:22Z,0.98,0.02,0.0,0.02
ihnzSpMQGq0,'Travis Japan Concert Tour 2025 VIIsual' Bonus Disc Trailer (Limited Press Edition),Regular,99.0,163638,9247,471,2025-07-31T12:01:24Z,0.98,0.0,0.02,0.02
hWcmquuNlyU,Travis Japan【全員集合】のえるが帰って来たから新しいアー写を撮りました📷,Regular,609.0,216684,14433,1050,2025-07-26T12:01:21Z,0.9696969696969697,0.010101010101010102,0.020202020202020204,0.030303030303030304
lz12EIbB8t4,'T.G.I. Friday Night' (From ‘Travis Japan Concert Tour 2025 VIIsual’ Disc1),Regular,153.0,357391,13152,766,2025-07-25T11:01:21Z,0.99,0.01,0.0,0.01
eh9QdpwzeTA,Travis Japan - World of Dance Finals 2025 Performance Highlight,Regular,337.0,225144,12778,997,2025-07-24T13:32:41Z,0.93,0.04,0.03,0.07
gfMmaeBnLcU,Travis Japan【レシピ】4歳からできるカードゲームで激熱🍳料理対決!?,Regular,1305.0,469001,14086,1274,2025-07-19T12:01:15Z,0.9696969696969697,0.0,0.030303030303030304,0.030303030303030304
IPoZI0ZxWic,'Travis Japan Concert Tour 2025 VIIsual' Disc1 Short Teaser,Regular,62.0,183589,9439,374,2025-07-18T10:00:38Z,0.98,0.02,0.0,0.02
oEOMC2fkTek,Travis Japan【また渋谷ランチ】今回はハンバーガー🍔しめサプライズあり🩷,Regular,931.0,409522,13022,1092,2025-07-12T12:01:26Z,0.9696969696969697,0.0,0.030303030303030304,0.030303030303030304
tbb-PxwdixM,Travis Japan【しめベガス】祝30歳！七五三掛龍也のポテンシャルを探る！,Regular,1588.0,477295,14735,1531,2025-07-05T12:01:44Z,1.0,0.0,0.0,0.0
DFb-s8Mqs4k,Travis Japan【渋谷ランチ】思い出のハンバーグ店でエモトーク🍽️,Regular,891.0,313802,11335,906,2025-06-28T12:00:22Z,0.97,0.0,0.03,0.03
ygn7kb_QNEc,Travis Japan【アタック25】のえるに負けるもんか！本格クイズでガチ勝負🔥,Regular,2018.0,424409,13288,1243,2025-06-21T12:01:48Z,1.0,0.0,0.0,0.0
3NTgppglAFM,Travis Japan【ワンナイト人狼】第５弾🐺🌕静岡で再びダマしダマされの心理戦開幕！！,Regular,898.0,307165,11202,900,2025-06-14T12:00:11Z,1.0,0.0,0.0,0.0
LYqcEVLZkLk,Travis Japan【おかえり】川島如恵留クイズ😺のえるのイイとこ全部あげてこ🤍,Regular,1538.0,806637,26910,2802,2025-06-07T12:00:30Z,0.99,0.0,0.01,0.01
YI0pA1nDX_0,Travis Japan【ファンコール講座】｢JUST DANCE!｣｢Would You Like One?｣,Regular,1025.0,292170,12949,924,2025-05-31T03:00:42Z,0.9797979797979798,0.020202020202020204,0.0,0.020202020202020204
DOaGYqym8mo,Travis Japan【マリオカート】笑いあり涙ありのガチバトル！TJ最速王は誰だ!?,Regular,1360.0,471850,14571,1399,2025-05-24T12:00:31Z,0.97,0.0,0.03,0.03
RSBMMJY4DCI,Travis Japan【質問返し】静岡でうなぎを食べながらお返事しちゃうぞ！,Regular,1065.0,408494,13483,1344,2025-05-17T12:00:48Z,0.9696969696969697,0.0,0.030303030303030304,0.030303030303030304
CWhvwhOheY4,Travis Japan【食べ物人狼】ひとりだけ違う食べ物を食べている人狼は誰だ!?,Regular,1170.0,415308,12841,883,2025-05-10T12:00:31Z,1.0,0.0,0.0,0.0
Mm2c9MDhk8s,Travis Japan – 'Would You Like One?' Music Video behind the scenes,Regular,347.0,230534,11353,783,2025-05-03T12:00:36Z,0.9791666666666666,0.0,0.020833333333333332,0.020833333333333332
03fSsYaPWl4,Travis Japan【楽屋ゲーム】しずおか👉しおづけ👉しずや 😱！静岡で大混乱＆大波乱＆大爆笑!?,Regular,705.0,265538,11669,1090,2025-05-03T12:00:03Z,0.9896907216494846,0.010309278350515464,0.0,0.010309278350515464
G056SzS3fg8,Travis Japan – 'Would You Like One?' Music Video,Regular,192.0,5797464,49558,18124,2025-04-27T15:00:06Z,1.0,0.0,0.0,0.0
2hKSnt0vE4E,Travis Japan【逆再生キング】耳コピで逆再生を完コピせよ！,Regular,813.0,261261,11360,738,2025-04-26T12:00:08Z,1.0,0.0,0.0,0.0
BlDICPKXZc4,Travis Japan【ネタバレ注意】福岡でコンサートの裏話を話しちゃいました🍜,Regular,1388.0,477325,14453,1270,2025-04-19T12:00:32Z,0.99,0.0,0.01,0.01
ZvHrygSB79Q,Travis Japan【香り爆発】画伯爆誕！香水からイメージして絵を描くのだ！！,Regular,1226.0,248759,10575,1027,2025-04-12T12:01:04Z,0.99,0.0,0.01,0.01
Ga7w5qw1Cr0,Travis Japan – 'Would You Like One?' - Performance Video –,Regular,158.0,2957445,30819,3475,2025-04-11T10:00:22Z,0.97,0.0,0.03,0.03
q5_8CZMooZQ,Travis Japan【花見リベンジ】福岡で桜散策！今年こそ🌸を見ることができるのか!?,Regular,844.0,416830,15195,1285,2025-04-05T12:01:12Z,0.9795918367346939,0.01020408163265306,0.01020408163265306,0.02040816326530612
MmVncHJS5dM,Travis Japan【大食い企画 第６弾】名古屋の超巨大パフェに挑戦🍨大食いの神（自称）は甘い物苦手だが果たして！？,Regular,859.0,898551,19915,1313,2025-03-29T12:00:34Z,0.98989898989899,0.0,0.010101010101010102,0.010101010101010102
HuMKXwmWJwE,【JUST！シン日本遺産】# ８をちら見せ「シンの先のシン！天国に続く『７７７』」続きはTELASAで,Regular,537.0,61397,3203,111,2025-03-28T23:00:13Z,0.99,0.01,0.0,0.01
-X8Z11NF-uU,Travis Japan【オリジナルマーチくん】先輩や後輩をコアラに！,Regular,1564.0,274445,10430,880,2025-03-24T09:00:00Z,0.99,0.0,0.01,0.01
NIp-ChT5Ma0,Travis Japan【ラーメン】河合くんとコラボで濃厚な思い出トーク！,Regular,1063.0,232173,8714,659,2025-03-22T12:00:29Z,0.97,0.01,0.02,0.03
OSayVLbQUow,Travis Japan【元太が爆買い!?】名古屋の古着店で幻のヴィンテージジーンズが！！,Regular,1329.0,497253,12774,783,2025-03-15T12:00:36Z,1.0,0.0,0.0,0.0
c5vrasUOzfE,【JUST！シン日本遺産】# ７をちら見せ「八代のなんちゃって世界遺産！海に浮かぶパワースポット」続きはTELASAで,Regular,702.0,72863,3685,179,2025-03-14T23:00:36Z,0.97,0.01,0.02,0.03
Z0l3E36khec,Travis Japan【顔面ダンス】顔の可動域すごいのは俺だ！,Regular,1557.0,349121,13011,1642,2025-03-08T12:00:45Z,1.0,0.0,0.0,0.0
H-lQKsR4U8o,【JUST！シン日本遺産】# ６をちら見せ「フィンランド人もびっくり！？くったりでまったり」続きはTELASAで,Regular,524.0,108700,4533,206,2025-03-07T23:00:24Z,1.0,0.0,0.0,0.0
K3e0xQ8uq1c,Travis Japan 'Say I do / Tokyo Crazy Night' CD初回封入シリアル特典動画 -Digest-,Regular,75.0,76111,5077,173,2025-03-06T09:00:17Z,0.9797979797979798,0.010101010101010102,0.010101010101010102,0.020202020202020204
MoVJgKBhtUc,Travis Japan - 'Tokyo Crazy Night' Music Video,Regular,209.0,8346773,51532,15101,2025-03-04T09:00:07Z,0.9696969696969697,0.010101010101010102,0.020202020202020204,0.030303030303030304
iCdJ1HCpHvA,Travis Japan - 'Say I do' Music Video,Regular,243.0,5029502,39487,14805,2025-03-02T15:01:00Z,0.97,0.0,0.03,0.03
QRNqYK1cvB0,Travis Japan【ドラマ初主演記念】松倉海斗の魅力を愛情たっぷりお届け🧡,Regular,1604.0,456236,12131,1017,2025-03-01T12:00:37Z,0.9897959183673469,0.0,0.01020408163265306,0.01020408163265306
JydlKpwQLZA,【JUST！シン日本遺産】# ５をちら見せ「苫鵡で発見！一年に一度現れる“氷でできた村”」続きはTELASAで,Regular,613.0,107185,4899,253,2025-02-28T23:00:15Z,0.9795918367346939,0.01020408163265306,0.01020408163265306,0.02040816326530612
X-1PC7eIhLA,Travis Japan 'Say I do / Tokyo Crazy Night' Special Trailer,Regular,100.0,82741,6152,265,2025-02-28T11:03:19Z,0.97,0.0,0.03,0.03
SYPc8EV--P4,Travis Japan【プライベートカラオケ】ジュニアの曲からアルバム曲まで！ライブ前日に熱唱！！,Regular,1847.0,995282,25075,3155,2025-02-22T12:00:42Z,1.0,0.0,0.0,0.0
dW_kaT2IxK8,Travis Japan – 'Tokyo Crazy Night' - Performance Video -,Regular,171.0,1031830,22126,4037,2025-02-17T09:00:48Z,0.98989898989899,0.0,0.010101010101010102,0.010101010101010102
ynqNPi5O8sI,Travis Japan【大食い検証】実録！吉澤閑也は本当に1.5kgのステーキを完食できるのか!?,Regular,1540.0,668250,16602,1929,2025-02-15T12:01:19Z,0.96,0.02,0.02,0.04
dhBbRtcYn-M,【JUST！シン日本遺産】# ４をちら見せ「108日連続! 押忍!ちゃんぽん番長」続きはTELASAで,Regular,554.0,80980,4034,143,2025-02-14T23:00:40Z,0.98,0.0,0.02,0.02
XtUOc5u28pc,Travis Japan - 1st CD Single「Tokyo Crazy Night / Say I do」  ~ Limited Edition J Special Trailer~,Regular,92.0,117170,6971,476,2025-02-14T12:00:53Z,0.9896907216494846,0.0,0.010309278350515464,0.010309278350515464
Y-AgBq-3k0E,Travis Japan – 'Say I do' - Performance Video -,Regular,176.0,1128228,24385,4168,2025-02-12T09:00:42Z,0.98,0.0,0.02,0.02
dzgjtM7PyJI,Travis Japan【ウラ側密着】中山優馬くんのコンサートでPLAYZONEの曲を全力パフォーマンス！,Regular,1573.0,496224,20431,1115,2025-02-08T12:00:50Z,0.9489795918367347,0.0,0.0510204081632653,0.0510204081632653
28un3KiRo8g,【JUST！シン日本遺産】# ３をちら見せ「地獄×地獄＝天国？”あの世”気分で朝アクティビティ」続きはTELASAで,Regular,613.0,81880,4583,213,2025-02-07T23:00:02Z,0.93,0.03,0.04,0.07
tXVLRJT_Hto,Travis Japan - 1st CD Single「Say I do / Tokyo Crazy Night」  ~ Limited Edition T Special Trailer~,Regular,101.0,147558,7336,279,2025-02-07T12:01:19Z,0.9696969696969697,0.010101010101010102,0.020202020202020204,0.030303030303030304
fHi6ZuQs8iE,Travis Japan【ドッキリ潜入】ちゃか主演ドラマの現場に内緒で行ったらトンデモナイ！,Regular,1107.0,393982,13634,824,2025-02-01T14:30:15Z,0.99,0.0,0.01,0.01
MoI5GyTH9Q0,【JUST！シン日本遺産】 # 2 をちら見せ 「天空の駅 鳥の目で見る日本海」続きはTELASA で,Regular,495.0,60823,3868,107,2025-01-31T23:00:29Z,0.9797979797979798,0.0,0.020202020202020204,0.020202020202020204
pIt9s5gPhak,Travis Japan - 1st CD Single 「Say I do / Tokyo Crazy Night」 UM STORE Edition Special Trailer,Regular,113.0,176846,8416,389,2025-01-31T09:00:16Z,0.9591836734693877,0.030612244897959183,0.01020408163265306,0.04081632653061224
XBaNyWagoEk,Travis Japan【PICO PARK】全クリ目指せ！まったり攻略！あれ？ゲームマスターはいずこに？,Regular,2301.0,268826,8772,820,2025-01-25T12:00:45Z,0.97,0.0,0.03,0.03
4B2E29XXEm0,【JUST！シン日本遺産】# １をちら見せ「最強パワースポット！？”人生が変わる″奇跡の島」続きはTELASAで,Regular,527.0,85369,5849,285,2025-01-24T23:00:06Z,0.97,0.0,0.03,0.03
1ioGeIrflVw,Travis Japan【総評カルタ】爆速で取っていくカルタ王が降臨！新たな才能開花の予感👀,Regular,1053.0,407320,13257,1022,2025-01-18T12:00:01Z,0.97,0.02,0.01,0.03
3_j06XBQJ9k,Travis Japan【コラボ】同郷!?のＵ字工事さんと立ち食いそばを食べまくる！！後編,Regular,555.0,195970,8392,786,2025-01-11T12:00:03Z,1.0,0.0,0.0,0.0
zHdK4na9pH8,Travis Japan【運勢占い】ゲッターズ飯田さんの占いで2025年の運勢みてみたよ！,Regular,1223.0,380443,12298,433,2025-01-04T12:01:14Z,0.97,0.01,0.02,0.03
ExMIpNnUY1o,Travis Japan【あけおめ】恒例の2025年にやりたいこと大発表🎍,Regular,528.0,270705,13842,1003,2025-01-01T02:00:08Z,1.0,0.0,0.0,0.0
GgDc5tS9nVk,Travis Japan【特別試写】ライオン･キングの世界へ！げんたがTigerからLionに！？,Regular,1738.0,250162,10384,576,2024-12-28T12:00:20Z,0.99,0.01,0.0,0.01
Q1AduYbjVHg,Travis Japan【クリプレ交換会🎄】笑えよっ！クリスマスは！！みんなで交換会なんだぜ🧑‍🎄,Regular,1649.0,897513,19343,1143,2024-12-21T12:00:35Z,0.98,0.01,0.01,0.02
foatHZhYbBY,Travis Japan【ニューヨークVlog】プライベートタイムを自撮りでお届け♪,Regular,1538.0,436923,12611,902,2024-12-14T12:01:00Z,0.96,0.02,0.02,0.04
AJNi9_viHsQ,Travis Japan【はぁって言うゲーム】ついに僕らの演技力を見せる時が来たぜい！,Regular,1353.0,411974,12998,918,2024-12-07T12:00:11Z,0.9797979797979798,0.010101010101010102,0.010101010101010102,0.020202020202020204
xl6HVnTLpOU,Travis Japan【徹底解説】2ndアルバムを解説しながらチャットに参加しちゃうぞ！,Regular,1335.0,205949,10947,1230,2024-12-05T12:00:06Z,0.9278350515463918,0.030927835051546393,0.041237113402061855,0.07216494845360824
9PrZ4qCjQ3g,Travis Japan - 'BO$$Y' Music Video,Regular,221.0,6833628,45690,11847,2024-12-03T15:00:07Z,0.98,0.02,0.0,0.02
W4wH245GPFM,Travis Japan【ディズニーランド 後編】今回も食べて遊んで大はしゃぎ🤣LA Vlog🇺🇸,Regular,1118.0,515916,14312,1022,2024-11-30T12:00:41Z,0.9797979797979798,0.020202020202020204,0.0,0.020202020202020204
Fr-hB66dS8g,Travis Japan 'VIIsual' -Special Teaser-,Regular,411.0,217641,10771,906,2024-11-25T08:00:10Z,0.9292929292929293,0.030303030303030304,0.04040404040404041,0.07070707070707072
kvF8Uaev1Vc,Travis Japan【ディズニーランド 前編】夢の国で大はしゃぎ😆げんたサンクス💙LA Vlog🇺🇸,Regular,1001.0,686588,17842,1287,2024-11-23T12:00:52Z,0.95,0.03,0.02,0.05
W_1oYq7_9Bc,Travis Japan 'VIIsual' Limited Edition J -Special Movie Teaser-,Regular,249.0,111192,8239,626,2024-11-22T10:00:29Z,0.91,0.03,0.060000000000000005,0.09
jOeNwRL8kbc,Travis Japan【中村海人の相関図】㊗️映画公開🎉 なので人間関係も大公開！,Regular,1363.0,478315,14742,1146,2024-11-16T12:01:01Z,0.9797979797979798,0.0,0.020202020202020204,0.020202020202020204
BEUp6KxnfFY,Travis Japan 'VIIsual' Limited Edition T -Special Movie Teaser-,Regular,242.0,128909,8369,425,2024-11-15T12:00:19Z,0.9795918367346939,0.01020408163265306,0.01020408163265306,0.02040816326530612
P7JcvjEBrHc,Travis Japan【スマブラ】来たる決戦に向け４人で秘密の特訓しちゃうぞ！,Regular,1379.0,341214,9997,770,2024-11-09T12:00:32Z,1.0,0.0,0.0,0.0
t3MsMv4P5dU,Travis Japan 'VIIsual' Fan Club Exclusive Edition - Special Movie Teaser -,Regular,313.0,165939,9957,703,2024-11-08T12:01:11Z,1.0,0.0,0.0,0.0
8eb4cMb0VmU,Travis Japan 'Fly Higher' ANIME MUSIC VIDEO,Regular,92.0,270211,9255,793,2024-11-06T09:00:11Z,0.9393939393939394,0.04040404040404041,0.020202020202020204,0.06060606060606061
E47zGucS8SM,Travis Japan -【2nd Anniversary YouTube LIVE】-'Fly Higher' Performance Video-,Regular,210.0,1103463,12759,919,2024-11-03T11:00:08Z,0.9797979797979798,0.010101010101010102,0.010101010101010102,0.020202020202020204
4wNjJN0zsVg,Travis Japan -【2nd Anniversary YouTube LIVE】-'Crazy Crazy' Performance Video-,Regular,204.0,659259,12762,586,2024-11-03T11:00:02Z,0.9696969696969697,0.010101010101010102,0.020202020202020204,0.030303030303030304
AVkKOBkScvs,Travis Japan【2nd Anniversary YouTube LIVE】Talk Section,Regular,2320.0,213394,8001,473,2024-11-03T10:59:57Z,0.9696969696969697,0.020202020202020204,0.010101010101010102,0.030303030303030304
8dHrV6bXNSc,Travis Japan【学力クイズ】勉学の秋！なら、おバカ王を決めてしまおうか♪,Regular,1675.0,1123072,20193,1546,2024-11-02T12:00:19Z,0.979381443298969,0.0,0.020618556701030927,0.020618556701030927
jS-7n7YdJLY,Travis Japan【ストラックアウト】チーフMGにプチ爆発！不満話で大爆笑！？,Regular,1574.0,733474,16376,1586,2024-10-26T12:00:59Z,0.99,0.0,0.01,0.01
j3tVambD0pg,Travis Japan【お絵描きバトル】しろくまってこんなだった？迷作を見極め！,Regular,1522.0,298509,11981,1833,2024-10-22T09:00:43Z,0.9797979797979798,0.010101010101010102,0.010101010101010102,0.020202020202020204
c6z5aJUECTg,Travis Japan - 'Crazy Crazy' Music Video,Regular,203.0,6794051,52401,13996,2024-10-21T09:00:07Z,0.9595959595959596,0.020202020202020204,0.020202020202020204,0.04040404040404041
qAR91HMyQBA,Travis Japan【謎解き】頭フル回転でBrain Tigerを助けるぞい！,Regular,1290.0,429653,13605,1103,2024-10-19T12:01:06Z,0.97,0.01,0.02,0.03
_MvFjxWZqz4,Travis Japan【宮近爆誕祭】27歳リーダーのポテンシャルを探る！宮近ベガス第3弾💰,Regular,1226.0,455792,12743,1051,2024-10-12T12:00:43Z,0.9896907216494846,0.0,0.010309278350515464,0.010309278350515464
V73uNAjkPCk,Travis Japan【ぷち密着】サマソニ バンコク2024のウラ側を見せちゃうぞ！,Regular,808.0,239773,10824,830,2024-10-05T12:00:37Z,0.99,0.01,0.0,0.01
DflbwRZ1KJk,Travis Japan【激ウマバトル】あの企画やったら満足過ぎて奇跡も起きた！,Regular,1794.0,1103704,19466,1855,2024-09-28T12:00:21Z,0.98989898989899,0.0,0.010101010101010102,0.010101010101010102
Sn0ezB477Vw,Travis Japan【吉澤閑也クイズ】大変だ！おしゃべりモンスターが襲ってきた💛,Regular,1819.0,812569,15083,1852,2024-09-21T12:00:33Z,1.0,0.0,0.0,0.0
jBPs7dnsuLs,Travis Japan【バンコクVlog】ぶらぶら～っと気ままに散策するのだ！,Regular,1146.0,434705,13135,1105,2024-09-14T00:04:36Z,0.8877551020408163,0.04081632653061224,0.07142857142857142,0.11224489795918366
7J6vUDSJJvI,Travis Japan【新ダンス企画】足音だけでシンクロ出来るのか!?,Regular,1558.0,1925281,34951,3819,2024-09-07T12:00:12Z,0.98989898989899,0.010101010101010102,0.0,0.010101010101010102
kb1UQpKxfJo,Travis Japan【台湾Vlog】お仕事もありつつ台湾を楽しんだのだ！,Regular,1535.0,636359,16380,1479,2024-08-31T12:00:56Z,0.97,0.02,0.01,0.03
838FRgERu38,Travis Japan【FAMILY CLUB.STORE グローバル】㊗️サポーター就任！なので台湾行ってみた！,Regular,383.0,167220,8986,527,2024-08-24T12:00:08Z,0.96,0.01,0.03,0.04
XBmqjEaFFBs,Travis Japan【Blu-ray & DVD発売記念】メンバーの裏の顔を匿名でタレコミ！,Regular,1962.0,465400,13305,974,2024-08-17T12:00:35Z,0.98,0.02,0.0,0.02
Na-w8lL4cvM,Travis Japan【完全爆弾解除マニュアル】ゲームでケンカ勃発！？,Regular,1763.0,520625,14016,978,2024-08-10T12:00:32Z,0.98,0.0,0.02,0.02
l-gHPj2UM80,‘Travis Japan Concert Tour 2024 Road to Authenticity' Solo Dance Scenes,Regular,90.0,185794,9311,459,2024-08-09T09:00:50Z,0.97,0.0,0.03,0.03
cgBVxUppWjU,Travis Japan【衝撃告白】松田元太ってこんな男です...クイズで伝われ！元太の魅力💙,Regular,1396.0,978568,19739,1264,2024-08-03T12:00:42Z,0.9489795918367347,0.0,0.0510204081632653,0.0510204081632653
WfeKsmPjmeQ,'Travis Japan Concert Tour 2024 Road to Authenticity'  Highlights from All Bonus Discs,Regular,275.0,167742,8602,314,2024-08-02T09:00:36Z,0.91,0.05,0.04,0.09
ez50PuHso6A,Travis Japan【童謡で踊ってみた】お待たせ！あの曲に本気ダンス４,Regular,1084.0,613507,19376,2029,2024-07-27T12:00:42Z,0.9797979797979798,0.0,0.020202020202020204,0.020202020202020204
pYyZDV4klcw,'Travis Japan Concert Tour 2024 Road to Authenticity' Bonus Disc Trailer (Limited Edition),Regular,338.0,182091,9649,495,2024-07-26T09:00:48Z,0.97,0.01,0.02,0.03
mc9Lj60NoOo,Travis Japan【Talk With Travis Japan】2024年7月20日から僕らとおしゃべりしようぜ♪,Regular,1301.0,393291,12194,917,2024-07-20T12:00:45Z,0.99,0.01,0.0,0.01
YVMD97faA30,'Travis Japan Concert Tour 2024 Road to Authenticity'  Bonus Disc Trailer (Limited Press Edition),Regular,220.0,174603,9413,411,2024-07-19T09:00:36Z,0.9795918367346939,0.0,0.02040816326530612,0.02040816326530612
VpWW8OKuDLQ,Travis Japan【NGワード】新潟→東京🚗 「〇〇〇〇」って言わせるのメッチャむずい😕,Regular,1178.0,412940,13160,754,2024-07-13T12:00:27Z,1.0,0.0,0.0,0.0
Um6SFD2LwLA,'Travis Japan Concert Tour 2024 Road to Authenticity' Trailer,Regular,417.0,293325,13566,1220,2024-07-12T09:00:33Z,0.9489795918367347,0.0,0.0510204081632653,0.0510204081632653
rq513f4whgM,Travis Japan【しめ持ち込み企画】もんじゃ焼きで近況報告会！俺のヘラさばきを見よ🐥,Regular,1883.0,1095399,20371,1952,2024-07-06T12:00:58Z,0.98989898989899,0.010101010101010102,0.0,0.010101010101010102
XbTcVr0r8E8,Travis Japan【Ｍステ当日🎤】ビリー・アイリッシュにおみやげを買う🎎,Regular,839.0,243247,10617,882,2024-06-29T11:45:02Z,1.0,0.0,0.0,0.0
JUtcslTiV4Q,Travis Japan【ULTIMATE CHICKEN HORSE】打倒うみ🎮 何がなんでも1番になってやる!!!!,Regular,1424.0,515200,14092,1249,2024-06-22T12:00:26Z,0.9595959595959596,0.010101010101010102,0.030303030303030304,0.04040404040404041
3egTS0WCldM,Travis Japan 'Sweetest Tune' - Dance Practice -（Live Stream）,Regular,295.0,1466904,33254,3059,2024-06-15T13:41:39Z,0.9393939393939394,0.020202020202020204,0.04040404040404041,0.06060606060606061
He4vxbXLjho,Travis Japan - 'Sweetest Tune' Music Video,Regular,206.0,11069538,63325,19291,2024-06-10T12:30:06Z,1.0,0.0,0.0,0.0
3hr8RUF8S7U,Travis Japan【ワンナイト人狼】第4弾🐺 新潟→東京🚎 帰りの車内も壮絶なダマしあい！,Regular,1367.0,436060,12690,1173,2024-06-08T12:00:05Z,0.99,0.0,0.01,0.01
O0RixXRCj_s,Travis Japan【質問回答】コンサート直後に答えちゃってもいいですか？,Regular,1117.0,465724,14095,1530,2024-06-01T12:00:22Z,1.0,0.0,0.0,0.0
3hluh0YAF6M,Travis Japan - ‘Sweetest Tune' Teaser (from recording scenes),Regular,106.0,410461,14955,1307,2024-05-25T13:30:02Z,0.97,0.02,0.01,0.03
K11y1bUpWR0,Travis Japan【あるある】○○は○○しがち！今だから言っちゃうメンバー本当の姿!?,Regular,1558.0,1116791,18435,1236,2024-05-25T12:00:16Z,1.0,0.0,0.0,0.0
WHIDCjvXP6Y,Travis Japan - 'Sweetest Tune' - Performance Video -,Regular,165.0,4983762,41114,6107,2024-05-18T13:30:12Z,0.9387755102040817,0.02040816326530612,0.04081632653061224,0.061224489795918366
e5D311FpA0s,Travis Japan【河合郁人】夢のコラボが実現! 河合くんがTJダンス踊ってくれるってよ!!,Regular,1440.0,599429,14609,1237,2024-05-18T12:00:42Z,1.0,0.0,0.0,0.0
aVcPw6wax7E,Travis Japan World Tour 2024 'Road to A' -Official Teaser(full ver.)-,Regular,69.0,106355,6866,511,2024-05-13T16:00:02Z,0.9494949494949495,0.020202020202020204,0.030303030303030304,0.05050505050505051
DKD5B2M_kkE,Travis Japan World Tour 2024 'Road to A' -Official Teaser-,Regular,69.0,105044,8818,946,2024-05-12T07:00:06Z,0.8888888888888888,0.030303030303030304,0.08080808080808081,0.11111111111111112
lo9aQkmK3ZU,Travis Japan【大喜利】ボケを見て誰のか当てろ！わかりそうでわからないぞ🧐,Regular,1182.0,349479,10868,650,2024-05-11T12:00:43Z,0.9693877551020408,0.0,0.030612244897959183,0.030612244897959183
UTAIlbB2fBQ,Travis Japan【北海道】お食事会でやらかし話を大暴露！これはヤバいって！！,Regular,1231.0,843986,17847,2432,2024-05-04T12:00:26Z,0.9797979797979798,0.0,0.020202020202020204,0.020202020202020204
p2hUSUORVI4,Travis Japan【ゲスクラブ】メンバーの答えを推測せよ!!って何それ! ムズすぎ,Regular,1227.0,392053,11251,896,2024-04-27T12:00:43Z,0.94,0.01,0.05,0.060000000000000005
p0Jd8QbTBxo,Travis Japan【学力クイズ】メンバー全員参戦！ついにグループ内順位が…,Regular,1448.0,1049906,18704,1616,2024-04-20T12:00:45Z,0.9797979797979798,0.0,0.020202020202020204,0.020202020202020204
u7dk6YKAyiw,Travis Japan【花見】桜の名所を散策！🌸満開のハズが…ちょ、ミスりました,Regular,885.0,283700,12021,1105,2024-04-13T12:00:53Z,0.98,0.01,0.01,0.02
VNP29CcWTUU,Travis Japan - ‘T.G.I. Friday Night Japanese ver.' - Dance Video -,Regular,238.0,657927,19828,2372,2024-04-12T11:30:14Z,0.95,0.01,0.04,0.05
LJ-n9euyb4k,Travis Japan【1000円自販機】夢を掴み取る時がきたぜぃ！,Regular,1163.0,508081,14902,1421,2024-04-06T12:00:16Z,0.9797979797979798,0.0,0.020202020202020204,0.020202020202020204
pl242XlOJ7o,Travis Japan【夢叶う】ちゃかとまちゅの夢が動物園で現実に!?🐯,Regular,1210.0,466238,14699,1322,2024-03-30T12:00:44Z,0.97,0.02,0.01,0.03
odQNXvrUloM,Travis Japan - ‘T.G.I. Friday Night’ -Behind-the-scenes-,Regular,415.0,245513,13279,883,2024-03-29T11:30:33Z,0.94,0.02,0.04,0.06
2k0EkHeMaG8,Travis Japan【デカ盛り】大食い企画第４弾。総重量５kgの名古屋メシを完食せよ!!,Regular,1459.0,1483647,22851,1830,2024-03-23T12:00:04Z,0.99,0.0,0.01,0.01
BNuH5oxVjaQ,Travis Japan - ‘T.G.I. Friday Night’ - Dance Practice Day-1 -,Regular,221.0,1439394,26820,3562,2024-03-22T11:30:05Z,0.98,0.0,0.02,0.02
GUXe0ACJRHI,Travis Japan - ‘T.G.I. Friday Night’ Music Video,Regular,216.0,8461926,48567,20263,2024-03-18T09:30:08Z,0.91,0.07,0.02,0.09000000000000001
eoJmGRpvEIE,Travis Japan【寝起きドッキリ】起きた瞬間モノボケ！リベンジを誓ったアノ人は…,Regular,1210.0,820180,20897,1679,2024-03-16T12:00:40Z,0.9696969696969697,0.0,0.030303030303030304,0.030303030303030304
A2BQVeMDOAE,Travis Japan【しりとり】LAのマーケットでお買い物！ワから始まる物って!?,Regular,942.0,276642,10765,644,2024-03-09T12:00:10Z,0.97,0.01,0.02,0.03
zMIDFI3mKZ0,Travis Japan【大食い】LA人気バーガーを40個食べ尽くせ!!,Regular,1013.0,972643,19901,1806,2024-03-02T12:00:51Z,0.96,0.02,0.02,0.04
kha30uBACGo,Travis Japan【プライベートカラオケ】自分たちの曲がカラオケに!!もう歌うしかないでしょ🎤,Regular,1722.0,1075758,25735,2918,2024-02-24T12:00:47Z,0.98,0.01,0.01,0.02
mE99iAUDQ_Q,Travis Japan - ‘T.G.I. Friday Night’ -Performance Video-,Regular,165.0,1233679,24374,4754,2024-02-22T08:00:34Z,0.94,0.04,0.02,0.06
12LmH7uRPXs,Travis Japan - ‘Okie Dokie!’  -Dance Practice-,Regular,215.0,855824,22615,2491,2024-02-20T12:00:02Z,0.99,0.0,0.01,0.01
KSutlP906q4,Travis Japan - ‘LEVEL UP (Sam Feldt Remix)’  -Dance Video-,Regular,171.0,1473614,31400,5629,2024-02-19T09:30:05Z,0.98,0.02,0.0,0.02
31MG5uHduek,Travis Japan【絵文字だけで出会えるか!? in LA】🏝️🎨🎅で運命の出会い…,Regular,1187.0,615883,14922,1092,2024-02-17T12:00:02Z,0.9791666666666666,0.0,0.020833333333333332,0.020833333333333332
HF4-ERcwr-Y,Travis Japan  - ‘99 PERCENT’  Eng Ver. -Dance Video-,Regular,210.0,1513840,26756,2585,2024-02-12T10:00:09Z,0.94,0.03,0.03,0.06
jGCv2irQr9U,Travis Japan【USAで朝食】思い出のホットドッグ店でLAのエモトーク🌭,Regular,839.0,303863,11349,709,2024-02-10T12:00:46Z,0.97,0.01,0.02,0.03
yuF4dqwBsq8,"Travis Japan - D.U.N.K. (KYOCERA DOME OSAKA Dec.3, 2023 DAY2)",Regular,1156.0,1676529,31272,2526,2024-02-04T09:00:47Z,0.9393939393939394,0.020202020202020204,0.04040404040404041,0.06060606060606061
14129e-DgrU,Travis Japan【衣装コーデ】LAの人気古着屋さんで衣装選び！,Regular,1078.0,493608,13362,1107,2024-02-03T12:00:01Z,0.99,0.0,0.01,0.01
cDEIrPJU0Bw,Travis Japan - 'Okie Dokie!' - Dance Video -,Regular,211.0,651233,17941,1151,2024-01-28T12:00:34Z,0.9494949494949495,0.020202020202020204,0.030303030303030304,0.05050505050505051
gF2j7B3ioC4,Travis Japan【胸キュン人狼】世界の言葉で愛をささやきます❤️,Regular,1402.0,403542,0,904,2024-01-27T12:00:42Z,1.0,0.0,0.0,0.0
swWV258qZaU,Travis Japan【Kis-My-Ft2コラボ】鍋パで衝撃トーク!アレが一番高いメンバーって…,Regular,861.0,379813,14184,717,2024-01-20T12:00:49Z,0.99,0.0,0.01,0.01
y6bHvUK8GHs,Travis Japan - Okie Dokie!［Travis Japan  Concert Tour 2024  Road to Authenticity］,Regular,165.0,541153,0,955,2024-01-14T08:00:35Z,0.92,0.02,0.060000000000000005,0.08
Hkk1pvJvnY0,Travis Japan【Kis-My-Ft2コラボ】松阪牛争奪! 結局みんなでカーニバルだぁああ,Regular,1435.0,461553,16160,1364,2024-01-13T12:00:23Z,0.9797979797979798,0.0,0.020202020202020204,0.020202020202020204
IR3pEGOBeUk,Travis Japan - JUST DANCE!［Travis Japan  Concert Tour 2024  Road to Authenticity］,Regular,143.0,582403,0,1092,2024-01-13T08:00:14Z,0.898989898989899,0.050505050505050504,0.05050505050505051,0.10101010101010102
YM1_qyIJ8cM,Travis Japan【まったり旅】寂しいおしゃべりモンスターが登場！ってどういうこと？ 2/2,Regular,1162.0,512587,0,945,2024-01-06T12:00:34Z,0.9791666666666666,0.010416666666666666,0.010416666666666666,0.020833333333333332
vbaZ-MjPt1Y,Travis Japan - To all our fans around the world.,Regular,118.0,133274,0,489,2024-01-04T03:01:00Z,0.41414141414141414,0.3939393939393939,0.191919191919192,0.5858585858585859
V114BLfZ9JY,Travis Japan -「世界中の心を躍らせよう、ここ日本から。」,Regular,118.0,165969,0,775,2024-01-04T03:00:15Z,0.94,0.03,0.03,0.06
b58JGy7PUQc,Travis Japan【メンバー直伝】コンサートを100倍楽しむ８つの方法 伝授しちゃいます♪,Regular,1133.0,313183,0,792,2024-01-03T03:00:16Z,0.8787878787878788,0.04040404040404041,0.08080808080808081,0.12121212121212122
cgvGZXQaJyU,Travis Japan【2024あけおめ】新春恒例！年始のご挨拶🎍,Regular,568.0,153385,0,702,2024-01-01T02:00:16Z,0.98989898989899,0.0,0.010101010101010102,0.010101010101010102
EH2Rec_Z9jY,Travis Japan【まったり旅】自由気ままに横須賀ドライブ♪ 1/2,Regular,1525.0,891170,0,1274,2023-12-30T12:00:16Z,1.0,0.0,0.0,0.0
J9fac9zgDWA,Travis Japan【電撃訪問】1stアルバム発売前日にCDショップ巡りで大はしゃぎ！,Regular,731.0,196685,0,768,2023-12-23T12:00:14Z,1.0,0.0,0.0,0.0
G44SwQzaY8k,Travis Japan - 'LEVEL UP' Music Video,Regular,178.0,3778840,0,3489,2023-12-21T10:00:09Z,0.99,0.01,0.0,0.01
gFHIy-yAtl0,Travis Japan - 'Okie Dokie!' Music Video,Regular,214.0,6008580,0,7715,2023-12-19T15:00:11Z,0.96,0.02,0.02,0.04
2bPovklxgPo,Travis Japan【工場見学】Road to A発売記念♪あなたの手に届くかも…！？,Regular,934.0,206079,0,1023,2023-12-16T12:00:04Z,0.97,0.01,0.02,0.03
RaXdLFw7yTY,Travis Japan - 'Road to A' -Special Teaser-,Regular,374.0,161074,0,1116,2023-12-13T10:30:08Z,0.9797979797979798,0.010101010101010102,0.010101010101010102,0.020202020202020204
5Ut3Wn-kxwc,Travis Japan - 'Road to A' Limited Edition J -Special Teaser-,Regular,168.0,113748,0,643,2023-12-09T12:30:04Z,0.9795918367346939,0.02040816326530612,0.0,0.02040816326530612
ojUolXsdHYo,Travis Japan【徹底解説】1st アルバム｢Road to A｣が出るってよ!!!!,Regular,873.0,193191,0,904,2023-12-09T12:00:45Z,0.98989898989899,0.0,0.010101010101010102,0.010101010101010102
LDd6LQ3YlIY,Travis Japan - ‘LEVEL UP’ -Short ver.-,Regular,73.0,962119,0,2292,2023-12-02T12:00:12Z,0.94,0.02,0.04,0.06
1A58Aq7P38c,Travis Japan【３分クッキング】たまご料理王に俺はなる！！2/2,Regular,1010.0,473483,0,854,2023-11-25T12:00:02Z,0.9897959183673469,0.0,0.01020408163265306,0.01020408163265306
l3wFN8D-acc,Travis Japan - 'Road to A' Limited Edition T -Special Movie Teaser-,Regular,155.0,115205,0,299,2023-11-22T10:30:23Z,0.9595959595959596,0.0,0.04040404040404041,0.04040404040404041
1rYqoGPy2eI,Travis Japan【３分クッキングで秘伝の炒飯登場】たまご料理王に俺はなる〜1/2〜,Regular,904.0,535455,0,1036,2023-11-18T12:00:02Z,0.99,0.0,0.01,0.01
6pylTW47ryA,Travis Japan - 'Road to A'  Fan Club Exclusive Edition -Special Movie Teaser-,Regular,406.0,162486,0,780,2023-11-17T11:00:07Z,0.9696969696969697,0.0,0.030303030303030304,0.030303030303030304
WvNuSy165q0,Travis Japan【真のおバカ王が決まる】因縁の学力対決…コイツら凄えっす!,Regular,1317.0,1543235,0,1868,2023-11-11T12:00:23Z,0.98989898989899,0.0,0.010101010101010102,0.010101010101010102
m2EoVyW-xdk,Travis Japan【㊗️デビュー１周年】無音ダンスで奇跡の瞬間を魅せる🕺,Regular,1252.0,1439891,0,1803,2023-11-04T11:30:30Z,0.9693877551020408,0.02040816326530612,0.01020408163265306,0.030612244897959183
lgi419O6Euc,Travis Japan【㊗️デビュー１周年記念生配信】みんなで一緒に乾杯しよ🎉,Regular,4446.0,377711,0,696,2023-11-01T10:00:41Z,0.9680851063829787,0.010638297872340425,0.02127659574468085,0.031914893617021274
UzscJR2xMwk,Travis Japan【京本会】SixTONESさんとコラボかな？ついにYouTube進出!!だけど… 1/2,Regular,1119.0,1081404,0,2301,2023-10-24T12:00:25Z,0.98989898989899,0.0,0.010101010101010102,0.010101010101010102
hxlsm5rdYMw,Travis Japan【台北フォトバトル～完結編】なぜか台湾の警察に…またまたアイツが大ピンチ,Regular,1136.0,292578,0,948,2023-10-21T12:00:37Z,0.9387755102040817,0.01020408163265306,0.0510204081632653,0.06122448979591836
-aN8G7d-8Ts,Travis Japan【台北フォトバトル～02】全財産落としちゃいました💦,Regular,1000.0,321559,0,1014,2023-10-14T12:00:00Z,0.9797979797979798,0.0,0.020202020202020204,0.020202020202020204
pCsP6_pNIrY,Travis Japan【台北フォトバトル～01】海外の地下鉄って難しいよね 笑,Regular,1108.0,332764,0,1336,2023-10-07T12:33:00Z,0.96875,0.0,0.03125,0.03125
A1dUGk13Hfc,Travis Japan【利きフルーツin台湾】見たこともないトロピカル果実が登場🍌,Regular,1087.0,350859,0,942,2023-09-30T12:00:06Z,0.9072164948453608,0.041237113402061855,0.05154639175257732,0.09278350515463918
AUMTCy7oe5o,Travis Japan【台湾の人気朝食🍴食べ尽くせ】絶品の人気メニューベスト７,Regular,1034.0,427907,0,836,2023-09-23T12:00:10Z,0.94,0.0,0.060000000000000005,0.060000000000000005
1J85HLNvoWI,Travis Japan - ‘99 PERCENT’ -Dance Video- 99 sec.,Regular,99.0,2072027,0,7688,2023-09-21T10:00:10Z,0.9292929292929293,0.050505050505050504,0.020202020202020204,0.0707070707070707
An5oe8GSPsI,Travis Japan【こだわりベスト３発表】好きな女の子の仕草は？,Regular,1376.0,663041,0,1066,2023-09-16T12:00:07Z,0.9897959183673469,0.0,0.01020408163265306,0.01020408163265306
3A1JWv_2atk,Travis Japan【メッセージ早打ち王】そんな感じでメール打つの!?,Regular,1141.0,464152,0,1024,2023-09-09T12:00:03Z,0.979381443298969,0.0,0.020618556701030927,0.020618556701030927
22alVScGJFc,Travis Japan - Turn Up The Vibe［Travis Japan Debut Concert 2023 THE SHOW～ただいま、おかえり～］,Regular,210.0,827237,0,1733,2023-09-08T11:30:02Z,0.98,0.01,0.01,0.02
HPBxlnyC9Z0,Travis Japan【裏側を初出し】デビューコンサートのエピソード祭り,Regular,1136.0,338238,0,914,2023-09-02T12:00:10Z,0.98,0.0,0.02,0.02
XsQI-197LlU,Travis Japan【コーデ対決2023】ずぶ濡れ注意!? 俺が夏のおしゃれ王だ!!,Regular,863.0,502493,0,1169,2023-08-26T12:00:24Z,1.0,0.0,0.0,0.0
KRNCTZeTTvE,「Travis Japan Debut Concert 2023 THE SHOW～ただいま、おかえり～」発売記念生配信！,Regular,3895.0,311511,0,454,2023-08-19T13:15:31Z,0.9696969696969697,0.0,0.030303030303030304,0.030303030303030304
qzHPFnFzpE8,Travis Japan - Swing My Way［Travis Japan Debut Concert 2023 THE SHOW～ただいま、おかえり～］,Regular,207.0,2594011,0,4194,2023-08-19T13:00:09Z,0.92,0.02,0.060000000000000005,0.08
SyL6qePWzJw,Travis Japan【ガチダンスバトルに参戦🕺】海人と如恵留が参戦！,Regular,514.0,353786,0,1190,2023-08-13T12:00:31Z,0.99,0.01,0.0,0.01
e3CYtFYQc1Q,Travis Japan【七五三掛の相関図】松倉との確執が…笑,Regular,1107.0,831233,0,1158,2023-08-12T12:00:27Z,0.9393939393939394,0.010101010101010102,0.05050505050505051,0.060606060606060615
KBJ3YfAPemo,Travis Japan【神級盛れ写真】プリントシール機で撮っちゃうのだ！,Regular,838.0,618131,0,1527,2023-08-05T12:00:12Z,0.9693877551020408,0.01020408163265306,0.02040816326530612,0.030612244897959183
1-TXK00Ib7U,Travis Japan - 'Candy Kiss' - Dance Practice Day-1 - Full ver.,Regular,204.0,529966,0,880,2023-08-04T09:00:02Z,0.9591836734693877,0.0,0.04081632653061224,0.04081632653061224
rjDZ8G2eUPk,Travis Japan【水上アスレチック】５年ぶり…失敗しないんです俺たち!!,Regular,1060.0,972697,0,1558,2023-07-29T12:00:45Z,0.99,0.0,0.01,0.01
po-5rvc0FBo,「Travis Japan Debut Concert 2023 THE SHOW～ただいま、おかえり～」特典映像Digest,Regular,147.0,164185,0,581,2023-07-29T09:00:25Z,0.9897959183673469,0.0,0.01020408163265306,0.01020408163265306
AIqwlB5Gs00,「Travis Japan Debut Concert 2023 THE SHOW～ただいま、おかえり～」Digest Movie,Regular,247.0,497422,0,1180,2023-07-25T10:00:08Z,0.94,0.01,0.05,0.060000000000000005
7GJLKquyde8,Travis Japan【因縁の対決】まちゅvsしめ…ついに決着が!!??,Regular,684.0,403359,0,892,2023-07-22T12:00:04Z,0.9897959183673469,0.0,0.01020408163265306,0.01020408163265306
oSrKi7W8nXA,Travis Japan - 'Candy Kiss' -Dance Practice-,Regular,205.0,914376,0,1661,2023-07-16T12:00:37Z,0.9896907216494846,0.0,0.010309278350515464,0.010309278350515464
6bMXP5oRcOo,Travis Japan【やらかし注意】リーダーちゃかがヤっちまいます 笑笑,Regular,917.0,794906,0,1182,2023-07-15T12:54:00Z,0.9797979797979798,0.010101010101010102,0.010101010101010102,0.020202020202020204
vkxESEr6bIg,Travis Japan【新感覚ゲーム「ニゲキル」】猛獣から全力で逃げろ!!,Regular,1331.0,493273,0,1082,2023-07-08T12:00:45Z,0.96875,0.0,0.03125,0.03125
ndxENvHd6I4,Travis Japan - 'Candy Kiss' -Dance ver.-,Regular,201.0,6442218,0,2147,2023-07-07T13:30:21Z,0.979381443298969,0.010309278350515464,0.010309278350515464,0.020618556701030927
ccxt1F13k9g,Travis Japan - 'Candy Kiss' Release Party,Regular,1306.0,254963,0,495,2023-07-03T09:18:30Z,0.9381443298969072,0.041237113402061855,0.020618556701030927,0.061855670103092786
9tZmObfsfls,Travis Japan - 'Candy Kiss' Music Video,Regular,249.0,11311330,0,12100,2023-07-02T15:00:07Z,0.9696969696969697,0.010101010101010102,0.020202020202020204,0.030303030303030304
LA4fWhrvKRY,Travis Japan【名字交差点ドライブバトル】俺たちはいつもガチ！ちゃかとしめがバトル編,Regular,870.0,337968,0,848,2023-07-01T12:00:15Z,0.9893617021276596,0.0,0.010638297872340425,0.010638297872340425
XOt_amQ7kzA,Travis Japan【名字込みの交差点を探せ】七五三掛フィーバーで勝利を確信編,Regular,877.0,398936,0,1171,2023-06-24T12:00:32Z,0.99,0.0,0.01,0.01
4T6e6FDu8V0,Travis Japan - ‘Keep On Smiling’ -Memories Montage-,Regular,106.0,475355,0,1568,2023-06-18T09:00:02Z,0.9494949494949495,0.04040404040404041,0.010101010101010102,0.05050505050505051
CdK5VX8rvbc,Travis Japan【松倉海斗の相関図】トリプルカイト㊙️話,Regular,877.0,700111,0,974,2023-06-17T12:00:08Z,0.96,0.01,0.03,0.04
K4fgZMGEBkg,Travis Japan - 'Still on a journey' -Dance Video-,Regular,189.0,1196907,0,3228,2023-06-14T13:00:24Z,0.9795918367346939,0.02040816326530612,0.0,0.02040816326530612
fPGLcBOd_v8,Travis Japan【AMONG US】リベンジプレイ！信じてくれ〜!!,Regular,1218.0,752645,0,1168,2023-06-10T12:00:25Z,0.9797979797979798,0.0,0.020202020202020204,0.020202020202020204
coXsXMrAw_I,Travis Japan - ‘Charging!’ -Lyric Video-,Regular,225.0,1098921,0,1409,2023-06-05T03:00:13Z,0.89,0.08,0.03,0.11
5OAJ5gs2jkg,Travis Japan【大食いチャレンジ】回転寿司を食い尽くせ!!,Regular,1164.0,2390506,0,2646,2023-06-03T12:00:03Z,0.9696969696969697,0.0,0.030303030303030304,0.030303030303030304
InUhS-G24Jk,Travis Japan - 'Moving Pieces EP' Digest,Regular,116.0,122104,0,679,2023-05-30T03:00:08Z,0.97,0.02,0.01,0.03
pevHdKAOusA,Travis Japan【げんたベガス】これが最年少メンバーの実力…いやバラエティ力 笑,Regular,1236.0,515816,0,933,2023-05-27T12:00:38Z,0.9292929292929293,0.020202020202020204,0.05050505050505051,0.07070707070707072
_l9-XviFots,Travis Japan - 'Moving Pieces'  -Dance Practice-,Regular,177.0,1286069,0,2614,2023-05-26T10:30:18Z,0.9897959183673469,0.01020408163265306,0.0,0.01020408163265306
-yNhhHCrve8,Travis Japan【ダンスゲームで勝負】世界レベルで踊れ！,Regular,1297.0,729670,0,1351,2023-05-20T13:00:00Z,0.99,0.0,0.01,0.01
-EP68ZsEX-M,Travis Japan - 'Moving Pieces' -Dance ver.-,Regular,173.0,814716,0,2343,2023-05-19T09:00:01Z,0.98,0.01,0.01,0.02
yJZglQO_abI,Travis Japan - 'Moving Pieces' - Behind-the-scenes -,Regular,172.0,162360,0,540,2023-05-18T13:00:45Z,0.94,0.03,0.03,0.06
c10aEyfEChM,Travis Japan - 'Moving Pieces' Music Video,Regular,186.0,14702552,0,12515,2023-05-15T13:00:06Z,0.96,0.04,0.0,0.04
_bLg0GUX0t4,Travis Japan【宮近海斗の相関図】なぜか大先輩がやって来た!!,Regular,1082.0,938626,0,1449,2023-05-13T12:00:24Z,0.9797979797979798,0.0,0.020202020202020204,0.020202020202020204
enIP79jMNC4,Travis Japan【ゲレンデ飯】少数派グルメで天国と地獄!?,Regular,1007.0,402197,0,1216,2023-05-06T12:00:25Z,0.9795918367346939,0.0,0.02040816326530612,0.02040816326530612
uOPu0L5jT7Y,Travis Japan【トキメキ注意】ゲレンデで胸キュン選手権💜,Regular,1248.0,508484,0,2762,2023-04-29T12:00:45Z,0.9797979797979798,0.010101010101010102,0.010101010101010102,0.020202020202020204
vg8Sdxv22ys,Travis Japan【雪合戦で世界を目指す！】本気で挑みます!!,Regular,1097.0,318415,0,1336,2023-04-22T12:00:42Z,0.9393939393939394,0.0,0.060606060606060615,0.060606060606060615
5AFQAUOkbmU,Travis Japan【巨大雪だるま⛄️】初ゲレンデで協力作業…なのに❗️,Regular,775.0,547759,0,1966,2023-04-15T12:00:03Z,0.98989898989899,0.0,0.010101010101010102,0.010101010101010102
6FdQepAd8VA,Travis Japan【お土産No.1決定戦】誰が一番良いセンス？,Regular,721.0,348028,0,1112,2023-04-08T12:00:06Z,0.9587628865979382,0.010309278350515464,0.030927835051546393,0.041237113402061855
FihSPf1O8ic,Travis Japan【デビューコンサート】ウラ側全部語ります！,Regular,1078.0,336181,0,1230,2023-04-01T12:00:13Z,0.99,0.0,0.01,0.01
VSlxVjHxcyU,『Travis Japan -The untold story of LA-』本編＆特典Digest,Regular,91.0,119045,0,344,2023-03-28T08:00:13Z,0.9591836734693877,0.030612244897959183,0.01020408163265306,0.04081632653061224
wUwpJcU_Wz0,Travis Japan【寝起きドッキリモノボケ】デビューコン中の早朝に突撃！,Regular,1126.0,1084409,0,2375,2023-03-25T12:00:41Z,0.98,0.0,0.02,0.02
S2wvMuGeA-M,Travis Japan【癒しの1泊2日ドライブ旅】寝起きダンスでフィナ～レ!!,Regular,943.0,615817,0,1997,2023-03-18T12:00:18Z,0.98989898989899,0.0,0.010101010101010102,0.010101010101010102
E0snFhWilsY,『Travis Japan -The untold story of LA-』特典映像Digest,Regular,99.0,197921,0,608,2023-03-15T12:30:07Z,0.9690721649484536,0.010309278350515464,0.020618556701030927,0.030927835051546393
hSKsL60ZYsY,Travis Japan【癒しの1泊2日ドライブ旅】まるで修学旅行の夜〜モノボケ人狼!!,Regular,1259.0,509876,0,1040,2023-03-11T12:00:34Z,0.9795918367346939,0.0,0.02040816326530612,0.02040816326530612
DD6koYedXks,『Travis Japan -The untold story of LA-』Trailer,Regular,92.0,245571,0,1038,2023-03-08T11:30:03Z,0.9494949494949495,0.020202020202020204,0.030303030303030304,0.05050505050505051
5ljHWA98vt8,Travis Japan【癒しの1泊2日ドライブ旅】やっぱ温泉♨️だよねぇ～,Regular,805.0,592153,0,1331,2023-03-04T12:00:06Z,0.9897959183673469,0.0,0.01020408163265306,0.01020408163265306
VEEtjvxjm34,Travis Japan【癒しの1泊2日ドライブ旅】サバゲー場で缶蹴り,Regular,1182.0,468984,0,1288,2023-02-25T12:00:32Z,0.9693877551020408,0.030612244897959183,0.0,0.030612244897959183
GZzXbn71eN0,Travis Japan【癒しの1泊2日ドライブ旅】移動の車中も睡魔とカオス…,Regular,725.0,446372,0,898,2023-02-18T12:00:10Z,0.9897959183673469,0.0,0.01020408163265306,0.01020408163265306
6EMhr9ZW4cM,Travis Japan【癒しの１泊2日ドライブ旅】本音でガチトーク！げんた・しず編,Regular,693.0,381496,0,1216,2023-02-11T12:00:04Z,0.99,0.0,0.01,0.01
J_Ziu45TJHo,Travis Japan【癒しの１泊2日ドライブ旅】ガチトークでぶっちゃけます！うみ・しめ編,Regular,668.0,393550,0,1180,2023-02-04T12:00:11Z,0.98989898989899,0.0,0.010101010101010102,0.010101010101010102
jNDXqytdz9M,Travis Japan【癒しの１泊2日ドライブ旅】本音でガチトーク！まちゅ・ちゃか・ノエル編,Regular,749.0,428773,0,1111,2023-01-28T12:00:33Z,0.9797979797979798,0.020202020202020204,0.0,0.020202020202020204
QAHqDI7inDg,Travis Japan【癒しの１泊2日ドライブ旅】動物とふれあいで大パニック 牧場編,Regular,1146.0,732338,0,1692,2023-01-21T12:00:16Z,0.99,0.0,0.01,0.01
Wja4wMl6Pms,Travis Japan【チャンネルオープン記念１泊2日ドライブ旅】早朝からカオス（汗） 出発編,Regular,1512.0,1521649,0,2492,2023-01-14T12:00:28Z,0.9693877551020408,0.01020408163265306,0.02040816326530612,0.030612244897959183
TsyfsKNt-Q4,Travis Japan【あけおめ】2023年 新春のご挨拶,Regular,234.0,177865,0,1075,2023-01-07T12:00:14Z,0.9591836734693877,0.01020408163265306,0.030612244897959183,0.04081632653061224
dnV57cxE5Wk,Travis Japan【悶絶…酸っぱい・撃痛・激くさ】リアクションで順番に並べろ,Regular,1499.0,1071775,0,1259,2022-12-31T12:14:48Z,0.9690721649484536,0.010309278350515464,0.020618556701030927,0.030927835051546393
DLFtchhctIU,Travis Japan【クリスマスプレゼント交換会】オレは絶対コレ～!!メリクリです🎄,Regular,1648.0,876994,0,1613,2022-12-24T12:00:14Z,1.0,0.0,0.0,0.0
_vodTz9O4KQ,Travis Japan - 'JUST DANCE!' with Hollywood Sign,Regular,181.0,908894,0,1205,2022-12-18T12:00:30Z,0.9,0.07,0.03,0.1
IInXX4-idXg,Travis Japan【YTFF10シンガポールに完全密着】マーライオン遠かった💦,Regular,1202.0,435343,0,1216,2022-12-17T12:00:08Z,0.9368421052631579,0.05263157894736842,0.010526315789473684,0.06315789473684211
5-M1l-hgA6g,Travis Japan | YTFF10,Regular,904.0,362018,0,701,2022-12-10T12:00:03Z,0.8191489361702128,0.10638297872340426,0.07446808510638298,0.18085106382978722
YU8Hn16kcuY,Travis Japan - 'JUST DANCE!' -Relay Dance- with REAL AKIBA BOYZ at #YTFF10!!,Regular,177.0,247074,0,688,2022-11-30T09:30:05Z,0.9191919191919192,0.030303030303030304,0.05050505050505051,0.08080808080808081
MoISV0YTjhk,Travis Japan - 'JUST DANCE!' -Relay Dance-,Regular,190.0,541764,0,1894,2022-11-07T13:30:03Z,0.94,0.02,0.04,0.06
glnBM_ZwAus,Travis Japan - 'JUST DANCE!' -Dance Practice-,Regular,178.0,5013498,0,4916,2022-10-31T10:00:32Z,0.9797979797979798,0.0,0.020202020202020204,0.020202020202020204
uuXBHgtC_x8,Travis Japan - 'JUST DANCE!' Music Video,Regular,197.0,21239103,0,25062,2022-10-28T13:45:07Z,0.9797979797979798,0.020202020202020204,0.0,0.020202020202020204
g1CW5RL6ZMM,Travis Japan - ‘JUST DANCE!’ photoshoot (Behind the Scenes),Regular,68.0,423410,0,891,2022-10-23T03:00:18Z,0.8282828282828283,0.10101010101010101,0.07070707070707072,0.1717171717171717
nkP_A2_61so,"Hello, we’re Travis Japan!!!!!!!",Regular,67.0,1133366,0,5689,2022-09-28T21:00:32Z,0.8877551020408163,0.061224489795918366,0.0510204081632653,0.11224489795918366
